docid,case_number,decision_date,region,source_url,cluster_code,cluster_name,cluster_confidence,cluster_reason,page_priority,page_angle,dispute_type_code,dispute_type_code_original,dispute_type,claim_type_codes,claim_type,platform_or_company,object_type,object_name,result_type,result_type_normalized,result_type_original,focus_party_result,index_policy,main_site_fit,situation_tags,key_factors_short
LEM5MFXCKK6L,2-4098/2023,2023-11-20,Краснодарский край,https://sudact.ru/regular/doc/LEM5MFXCKK6L/,contract_validity_non_zpp,Пограничные договорные споры / риск не ЗоЗПП,reviewed,Взят reviewed enum-код из JSON,hold,"Дела, которые требуют ручной проверки перед публикацией",contract_validity_non_zpp,contract_validity_non_zpp,признание договора купли-продажи заключенным и понуждение к исполнению договора,contract_recognition; compel_transfer,"признание договора заключенным, понуждение к исполнению договора",Wildberries,смартфон,Infinix NOTE 12 VIP,rejected,rejected,rejected,defeated,index,True,дистанционная продажа; мошенничество; оплата в обход платформы; фишинг; агрегатор информации о товарах,"Wildberries является агрегатором информации о товарах (маркетплейсом), а не продавцом | Обязательным условием ответственности маркетплейса за непередачу товара является внесение оплаты непосредственно на его счет (ч. 2.2 ст. 12 Закона о защите прав потребителей) | Покупатель нарушил правила пользования платформой, совершив сделку и оплату вне личного кабинета маркетплейса напрямую мошенникам"
flVxOoBiwCr8,2-1157/2020,2020-07-03,Чувашская Республика,https://sudact.ru/regular/doc/flVxOoBiwCr8/,contract_validity_non_zpp,Пограничные договорные споры / риск не ЗоЗПП,reviewed,Взят reviewed enum-код из JSON,hold,"Дела, которые требуют ручной проверки перед публикацией",contract_validity_non_zpp,contract_validity_non_zpp,Спор о заключенности договора оказания услуг связи и оплате фактически оказанных услуг,contract_recognition; debt_dispute,"Признание договора незаключенным, оспаривание задолженности, требование о признании прав потребителя",Ростелеком,услуги связи,"Пакет «3 в одном» (Интернет, ТВ, телефон) и ТВ-приставка",rejected,rejected,rejected,В удовлетворении исковых требований отказано в полном объёме.,index,True,отказ от договора; оспаривание подписи; почерковедческая экспертиза; детализация трафика; перерасчет долга,"Отказ истца от проведения судебной почерковедческой экспертизы подписи на акте приема-передачи (дважды). | Детализация интернет-сессий: 48 выходов в сеть, что подтверждает пользование услугой. | Аудиозапись звонка истца в службу поддержки по настройке телеканалов, подтверждающая использование телевидения."
qNPGP4ky266p,2-41/2020,2020-01-13,Ставропольский край,https://sudact.ru/regular/doc/qNPGP4ky266p/,non_consumer_hold,Не потребительский спор,reviewed,Взят reviewed enum-код из JSON,hold,Исключить из основного индекса ЗоЗПП-сайта,non_consumer_hold,non_consumer_hold,взыскание задолженности по договору поставки,hold,возврат суммы предварительной оплаты,Ozon,поставка товара,,hold,hold,hold,положительный,hold,False,задолженность; недопоставка; отмена судебного приказа; заочное решение,"Наличие подписанного обеими сторонами акта сверки, признающего задолженность | Неявка ответчика в судебное заседание и отсутствие возражений | Прямое указание закона (пп. 3,4 ст. 487 ГК РФ) на право возврата предоплаты при непоставке товара"
LEkG8QMUg0gC,2-215/2018,2018-02-21,Саратовская область,https://sudact.ru/regular/doc/LEkG8QMUg0gC/,distance_sale_return_art26_1,Дистанционная продажа: отказ от товара и возврат денег,reviewed,Взят reviewed enum-код из JSON,landing,"Когда можно вернуть товар, купленный онлайн",distance_sale_return_art26_1,distance_sale_return_art26_1,"возврат товара надлежащего качества, приобретенного дистанционным способом",refund_price; penalty; moral_damage; consumer_fine; expenses,"возврат стоимости товара, неустойка, штраф, компенсация морального вреда, судебные расходы",Ozon,телевизор,Samsung UE-40KU600UX,partially_satisfied,partially_satisfied,partially_satisfied,partially_satisfied,index,True,дистанционная продажа; возврат качественного товара; уклонение от возврата товара; злоупотребление правом; судебная опечатка,"Дистанционный способ продажи дает потребителю право отказаться от товара надлежащего качества в течение 7 дней без объяснения причин | Продавец оперативно и добросовестно выразил готовность вернуть деньги при условии передачи товара | Покупатель злоупотребил правом, уклонившись от передачи товара продавцу для проверки потребительских свойств и товарного вида, и сразу обратился в суд"
OzQpzlDiDWZ,2-5039/2023,2023-12-26,Московская область,https://sudact.ru/regular/doc/OzQpzlDiDWZ/,distance_sale_return_art26_1,Дистанционная продажа: отказ от товара и возврат денег,reviewed,Взят reviewed enum-код из JSON,landing,"Когда можно вернуть товар, купленный онлайн",distance_sale_return_art26_1,distance_sale_return_art26_1,"refusal to accept return of quality goods bought online, misleading about store location, wrongful deadline calculation",refund_price; moral_damage; consumer_fine; penalty,"refund of purchase price, moral damages, statutory fine",Ашан,швабра,швабра La Hotesse с отжимом на ручке,partially_satisfied,partially_satisfied,partially_satisfied,частично удовлетворены,index,True,online purchase; return of quality goods; refusal to accept return; misleading about store location; wrongful deadline calculation; compensation of moral damages; statutory fine; denial of forfeit,Наличие вывески «Ашан» на магазине по адресу обращения | Информация на сайте о возврате в ближайший магазин | Своевременное обращение истца через личный кабинет
QyBl2UIrnndK,2-860/2020,2020-02-19,Смоленская область,https://sudact.ru/regular/doc/QyBl2UIrnndK/,distance_sale_return_art26_1,Дистанционная продажа: отказ от товара и возврат денег,reviewed,Взят reviewed enum-код из JSON,landing,"Когда можно вернуть товар, купленный онлайн",distance_sale_return_art26_1,distance_sale_return_art26_1,"Возврат технически сложного товара, приобретённого дистанционно, надлежащего качества",refund_price; penalty; moral_damage; consumer_fine; expenses,"возврат уплаченной суммы за товар, неустойка, компенсация морального вреда, штраф",М.Видео,телевизор,LG OLED55C9PLA,partially_satisfied,partially_satisfied,partially_satisfied,частично удовлетворены,index,True,дистанционная продажа; технически сложный товар; возврат товара надлежащего качества; отказ от договора; неустойка 1%; снижение неустойки по ст. 333 ГК; компенсация морального вреда; потребительский штраф,"Товар приобрётен дистанционным способом, что исключает применение Постановления № 55 и даёт право на возврат в 7-дневный срок. | Покупатель обратился с заявлением на 4-й день после получения, сохранив товарный вид. | Суд снизил неустойку и штраф по ст. 333 ГК РФ ввиду явной несоразмерности."
VLhBBoeb7vWo,2-4716/2024,2024-05-06,Московская область,https://sudact.ru/regular/doc/VLhBBoeb7vWo/,distance_sale_return_art26_1,Дистанционная продажа: отказ от товара и возврат денег,reviewed,Взят reviewed enum-код из JSON,landing,"Когда можно вернуть товар, купленный онлайн",distance_sale_return_art26_1,distance_sale_return_art26_1,"Отказ от товара, приобретенного дистанционным способом, и возврат уплаченных денежных средств",refund_price; moral_damage; consumer_fine; expenses,возврат цены,ООО «СДЭК.Маркет»,ноутбук,Apple MacBook Pro 14,partially_satisfied,partially_satisfied,partially_satisfied,иск удовлетворен частично,index,True,дистанционная продажа; отказ от товара; агентский договор; возврат денег; штраф; моральный вред; судебные расходы,Оплата товара напрямую на счета ООО «СДЭК.Маркет». | Основной вид деятельности ответчика — интернет-торговля. | Отсутствие информации о размере агентского вознаграждения.
fNiaUxW2zu1p,2-6366/2023,02.11.2023,Свердловская область,https://sudact.ru/regular/doc/fNiaUxW2zu1p/,distance_sale_return_art26_1,Дистанционная продажа: отказ от товара и возврат денег,reviewed,Взят reviewed enum-код из JSON,landing,"Когда можно вернуть товар, купленный онлайн",distance_sale_return_art26_1,distance_sale_return_art26_1,"возврат цены при отказе от товара, купленного дистанционно",refund_price; moral_damage; consumer_fine; expenses,"возврат цены, проценты, моральный вред, штраф",Wildberries,товар дистанционной продажи,,partially_satisfied,partially_satisfied,partially_satisfied,частичное удовлетворение иска,index,True,отказ от товара до передачи; дистанционная продажа; ошибочный заказ; технический сбой; просрочка возврата денег,"Незамедлительный отказ от товара до его отправки, зафиксированный через несколько каналов связи | Наличие у потребителя безусловного права на отказ по ст. 26.1 Закона о защите прав потребителей | Отсутствие со стороны ответчика доказательств своевременного возврата всей суммы"
hV75aLss4lWU,2-3522/2020,2020-11-24,Белгородская область,https://sudact.ru/regular/doc/hV75aLss4lWU/,distance_sale_return_art26_1,Дистанционная продажа: отказ от товара и возврат денег,reviewed,Взят reviewed enum-код из JSON,landing,"Когда можно вернуть товар, купленный онлайн",distance_sale_return_art26_1,distance_sale_return_art26_1,отказ от товара при дистанционной продаже и возврат уплаченной суммы,refund_price; penalty; moral_damage; consumer_fine,"возврат цены, неустойка, компенсация морального вреда, штраф",Lamoda,одежда,"водолазки Falconeri, Max Mara; кардиган Falconeri",partially_satisfied,partially_satisfied,partially_satisfied,удовлетворён частично,index,True,дефекты пошива; дистанционная покупка; экспертиза качества; отказ продавца от возврата; заочное решение,"Сохранение товарного вида, потребительских свойств и бирок на товаре | Заключение эксперта БРОО «ГРИФОН», подтвердившее производственные дефекты | Неявка ответчика в суд и отсутствие возражений и доказательств с его стороны"
pWN4OmLFKfm8,2-3449/2023,2023-10-25,Челябинская область,https://sudact.ru/regular/doc/pWN4OmLFKfm8/,distance_sale_return_art26_1,Дистанционная продажа: отказ от товара и возврат денег,reviewed,Взят reviewed enum-код из JSON,landing,"Когда можно вернуть товар, купленный онлайн",distance_sale_return_art26_1,distance_sale_return_art26_1,одностороннее аннулирование заказа продавцом после оплаты,compel_transfer; moral_damage; consumer_fine,"понуждение к передаче товара, компенсация морального вреда",ООО «Ситилинк»,беговая дорожка,Applegate Т8 С черный/бронзовый (Т8_С),partially_satisfied,partially_satisfied,partially_satisfied,частично удовлетворён,index,True,ошибочная цена; технический сбой; односторонний отказ от исполнения; публичная оферта; электронная коммерция,Договор розничной купли-продажи дистанционным способом считается заключённым с момента оплаты и выдачи чека | Продавец не вправе в одностороннем порядке отказываться от исполнения или изменять цену | Технический сбой не доказан надлежащими доказательствами
4686FPHUhLZC,2-3333/2018,2018-11-06,Алтайский край,https://sudact.ru/regular/doc/4686FPHUhLZC/,info_violation_art10_12,Недостоверная или неполная информация о товаре/продавце,reviewed,Взят reviewed enum-код из JSON,landing,"Ошибки в цене, продавце, свойствах товара и последствия для иска",info_violation_art10_12,info_violation_art10_12,"возврат массажной накидки, приобретенной на презентации",refund_price; moral_damage; consumer_fine,"расторжение договора купли-продажи, возврат уплаченной за товар суммы, компенсация морального вреда, штраф",ООО «Азон»,массажная накидка,вибромассажная накидка НМ 2187,satisfied,satisfied,satisfied,satisfied_partially,index,True,продажа на презентации; навязанный кредит; непредоставление информации; пенсионер; подарки к покупке,"Продавец не предоставил потребителю необходимую и достоверную информацию о свойствах, технических характеристиках, изготовителе и сертификации товара. | Способ продажи (презентация в непредназначенном для торговли помещении) ограничил свободу выбора потребителя. | Истец является пенсионером и не имеет специальных познаний, что делает нарушение права на информацию существенным нарушением договора."
DvLR6OZqCqt,2-519/2024,2024-07-24,Ставропольский край,https://sudact.ru/regular/doc/DvLR6OZqCqt/,info_violation_art10_12,Недостоверная или неполная информация о товаре/продавце,reviewed,Взят reviewed enum-код из JSON,landing,"Ошибки в цене, продавце, свойствах товара и последствия для иска",info_violation_art10_12,info_violation_art10_12,спор о раскрытии информации агрегатором,information_disclosure; moral_damage; penalty; consumer_fine,"обязание предоставить информацию, компенсация морального вреда, неустойка",несколько маркетплейсов,информация о продавце,,rejected,rejected,rejected,проигрыш,index,True,непредоставление информации; маркетплейс; агрегатор; иностранный продавец; персональные данные; отказ в иске; злоупотребление правом,"Маркетплейсы выполнили требования закона об агрегаторах, указав ФИО, ОГРНИП и ссылки на сайты продавцов | Перечень обязательных сведений о продавце-ИП является закрытым и не включает физический адрес | Адрес места жительства ИП охраняется законом о персональных данных и не может распространяться без согласия"
P5oLZX7sQPoI,2-1466/2020,2020-07-10,Кемеровская область,https://sudact.ru/regular/doc/P5oLZX7sQPoI/,info_violation_art10_12,Недостоверная или неполная информация о товаре/продавце,reviewed,Взят reviewed enum-код из JSON,landing,"Ошибки в цене, продавце, свойствах товара и последствия для иска",info_violation_art10_12,info_violation_art10_12,непредоставление информации о товаре (медицинское изделие),refund_price; penalty; moral_damage; consumer_fine; expenses,"возврат суммы, уплаченной за товар, неустойка, компенсация морального вреда, штраф",ООО «Азон»,медицинское изделие,вибромассажная накидка (NМ-218),partially_satisfied,partially_satisfied,partially_satisfied,частично удовлетворен,index,True,инвалид 2 группы; покупка в кредит; непредоставление информации о противопоказаниях; отсутствие регистрационного удостоверения; медицинское изделие без регистрации,"Непредоставление информации о медицинских противопоказаниях (п. 72 Правил продажи отдельных видов товаров) | Отсутствие регистрационного удостоверения на медицинское изделие (Постановление №1416) | Пассивное поведение ответчика (неявился, не заявил ходатайство о снижении неустойки)"
TZsI5FbnZOZJ,2-1411/2020,2020-07-03,Омская область,https://sudact.ru/regular/doc/TZsI5FbnZOZJ/,info_violation_art10_12,Недостоверная или неполная информация о товаре/продавце,reviewed,Взят reviewed enum-код из JSON,landing,"Ошибки в цене, продавце, свойствах товара и последствия для иска",info_violation_art10_12,info_violation_art10_12,несоответствие цены на витрине и на кассе,price_difference; moral_damage; consumer_fine; expenses,"взыскание разницы в цене, штрафа, компенсации морального вреда, судебных издержек",АО «Тандер»,продовольственные товары,Шоколад «Аленка» 20 г,partially_satisfied,partially_satisfied,partially_satisfied,частичное удовлетворение,index,True,недостоверная цена; публичное оскорбление; неявка представителя; снижение судебных расходов,Наличие чека и фотографий ценника с метаданными | Отсутствие доказательств публичного оскорбления | Неявка представителя истца в судебные заседания
qVUccWRuFprb,2-4404/2023,2023-12-04,Самарская область,https://sudact.ru/regular/doc/qVUccWRuFprb/,info_violation_art10_12,Недостоверная или неполная информация о товаре/продавце,reviewed,Взят reviewed enum-код из JSON,landing,"Ошибки в цене, продавце, свойствах товара и последствия для иска",info_violation_art10_12,info_violation_art10_12,отсутствие обязательной информации о товаре на сайте агрегатора,moral_damage,компенсация морального вреда,Wildberries,зарядное устройство,,rejected,rejected,rejected,проигрыш,index,True,отсутствие покупки; информационный иск; компенсация морального вреда; агрегатор; недоказанность морального вреда,"Истец не покупал товар и не понёс убытков. | На сайте содержались сведения о продавцах (наименование ИП, ОГРНИП). | Потребитель имел возможность задать вопросы продавцу через карточку товара."
yQ8qgPoesvWJ,2-80/2025,25.03.2025,Республика Алтай,https://sudact.ru/regular/doc/yQ8qgPoesvWJ/,info_violation_art10_12,Недостоверная или неполная информация о товаре/продавце,reviewed,Взят reviewed enum-код из JSON,landing,"Ошибки в цене, продавце, свойствах товара и последствия для иска",info_violation_art10_12,info_violation_art10_12,спор об ответственности владельца агрегатора перед потребителем,price_difference; damages; penalty; moral_damage; consumer_fine,"взыскание разницы в стоимости товара, убытков, неустойки, компенсации морального вреда",Ozon,видеокарта,Palit GeForce RTX 4090 GameRock OC 24 ГБ,rejected,rejected,rejected,проигрыш,index,True,возврат товара ненадлежащего качества; маркетплейс; иностранный продавец; агрегатор; разница в цене,"ООО 'Интернет Решения' является владельцем агрегатора, а не продавцом товара. | Продавцом товара является ТОО 'Озон Маркетплейс Казахстан' (иностранный продавец). | Истец был проинформирован о продавце при оформлении заказа, поэтому ответчик не несёт ответственности за недостатки товара."
FuXzeJou9YYT,2-84/2025,2025-01-15,Мурманская область,https://sudact.ru/regular/doc/FuXzeJou9YYT/,prepaid_goods_delay_art23_1,Оплаченный товар не передали или задержали,reviewed,Взят reviewed enum-код из JSON,landing,"Что делать, если заказ оплачен, но товар не передают",prepaid_goods_delay_art23_1,prepaid_goods_delay_art23_1,"односторонний отказ продавца от исполнения договора купли-продажи, нарушение срока передачи предварительно оплаченного товара",compel_transfer; penalty; moral_damage; consumer_fine; expenses,"обязание передать товар, взыскание неустойки, компенсации морального вреда, штрафа, судебных расходов",Ozon,товар маркетплейса,IP-камера,mixed,mixed,mixed,иск удовлетворён частично (к ИП ФИО2); в иске к ООО «Интернет Решения» отказано,index,True,односторонний отказ от исполнения договора; возврат предоплаты продавцом; непередача товара; агрегатор информации о товаре; маркетплейс; продавец – индивидуальный предприниматель; публичная оферта; дистанционная продажа,"Истец согласился на привлечение реального продавца (ИП ФИО2) в качестве соответчика, что предотвратило полный отказ в иске. | Суд признал ООО «Интернет Решения» лишь агрегатором (владельцем платформы), не несущим ответственности за передачу товара. | Односторонний отказ продавца от публичного договора при отсутствии вины потребителя признан незаконным."
MmtWiS16N45R,2-883/2020,2020-02-27,Республика Башкортостан,https://sudact.ru/regular/doc/MmtWiS16N45R/,prepaid_goods_delay_art23_1,Оплаченный товар не передали или задержали,reviewed,Взят reviewed enum-код из JSON,landing,"Что делать, если заказ оплачен, но товар не передают",prepaid_goods_delay_art23_1,prepaid_goods_delay_art23_1,нарушение срока передачи предварительно оплаченного товара,refund_price; penalty; moral_damage; consumer_fine; expenses,"возврат аванса, неустойка, компенсация морального вреда, штраф, судебные расходы",не указан,бревенчатый сруб дома,,partially_satisfied,partially_satisfied,partially_satisfied,частично удовлетворено,index,True,невозврат аванса; нарушение сроков; прекращение ИП; несоблюдение досудебного порядка; отказ в штрафе,Договор подряда фактически квалифицирован как купля-продажа для расчета неустойки | Прекращение статуса ИП не освобождает гражданина от обязательств | Отсутствие доказательств надлежащего досудебного порядка привело к отказу во взыскании штрафа
PulUoivdYENP,2-1179/2020,2020-07-21,Кировская область,https://sudact.ru/regular/doc/PulUoivdYENP/,prepaid_goods_delay_art23_1,Оплаченный товар не передали или задержали,reviewed,Взят reviewed enum-код из JSON,landing,"Что делать, если заказ оплачен, но товар не передают",prepaid_goods_delay_art23_1,prepaid_goods_delay_art23_1,Непоставка предварительно оплаченного товара,refund_price; penalty; moral_damage; consumer_fine,"возврат предоплаты, неустойка, компенсация морального вреда, штраф",не указан,кухонный гарнитур,,satisfied,satisfied,satisfied,Иск удовлетворен полностью,index,True,неустойка; предоплата; незарегистрированный предприниматель; недействительность условий договора; нарушение сроков доставки,Фактическое ведение предпринимательской деятельности ответчиком без регистрации ИП | Полное исполнение обязательств покупателем (предоплата внесена) | Игнорирование досудебной претензии и неявка ответчика в суд
TOdqpcvD8z6p,2-874/2020,2020-02-28,Удмуртская Республика,https://sudact.ru/regular/doc/TOdqpcvD8z6p/,prepaid_goods_delay_art23_1,Оплаченный товар не передали или задержали,reviewed,Взят reviewed enum-код из JSON,landing,"Что делать, если заказ оплачен, но товар не передают",prepaid_goods_delay_art23_1,prepaid_goods_delay_art23_1,нарушение сроков поставки и монтажа,refund_price; penalty; consumer_fine,"возврат предоплаты, неустойка, штраф",,"роллеты, калитка, монтаж",роллеты и калитка Prestige,partially_satisfied,partially_satisfied,partially_satisfied,частично удовлетворено,index,True,предоплата; просрочка; расторжение договора; неустойка; штраф; смешанный договор,"Смешанный характер договора (купля-продажа и бытовой подряд), повлиявший на раздельный расчет неустоек. | Юридически значимое сообщение (претензия) считается доставленным адресату, несмотря на его неполучение (ст. 165.1 ГК). | Ответчик, будучи ИП, не заявил ходатайство о снижении неустойки, что исключило применение ст. 333 ГК судом по своей инициативе."
3mMKR7CNUYQ8,2-1302/2021,2021-07-15,Приморский край,https://sudact.ru/regular/doc/3mMKR7CNUYQ8/,service_refusal_art32,Отказ от услуги и возврат денег,reviewed,Взят reviewed enum-код из JSON,landing,"Возврат оплаты за услуги, курсы, страховки и сервисы",service_refusal_art32,service_refusal_art32,возврат денег за онлайн-обучение,refund_price; consumer_fine,"возврат уплаченной по договору денежной суммы, штраф",Skillbox,онлайн-курс,онлайн-курс Профессия художник компьютерной графики,satisfied,satisfied,satisfied,satisfied,index,True,онлайн-обучение; навязанный кредит; отказ от услуг; договор не подписан; Skillbox,"Договор оказания услуг и дополнительное соглашение не были подписаны потребителем. | Обучение на платформе фактически не начиналось, услуги не оказывались. | Исполнитель не предоставил доказательств несения каких-либо фактических расходов, связанных с исполнением обязательств по договору с данным клиентом."
Pde5A0X4dlZj,2-53/2017,2017-04-07,Томская область,https://sudact.ru/regular/doc/Pde5A0X4dlZj/,service_refusal_art32,Отказ от услуги и возврат денег,reviewed,Взят reviewed enum-код из JSON,landing,"Возврат оплаты за услуги, курсы, страховки и сервисы",service_refusal_art32,service_refusal_art32,отказ в возврате страховой премии при досрочном отказе от страхования,insurance_premium_refund; penalty; moral_damage; consumer_fine,"возврат уплаченной суммы, неустойка, компенсация морального вреда, штраф",Ренессанс Жизнь,страховая услуга,,partially_satisfied,partially_satisfied,partially_satisfied,частичное удовлетворение иска,index,True,отказ от страховки; возврат страховой премии; период охлаждения; потребительский кредит; страхование жизни,"отказ от страховки в первые 10 дней (период охлаждения) | наличие в агентском договоре между банком и страховщиком условия о полном возврате премии при отказе в первые 10 дней | различие между страховой суммой и страховой премией, ошибочное требование страховой суммы"
TNm0IBqaQjxP,2-553/2025,2025-02-20,Ставропольский край,https://sudact.ru/regular/doc/TNm0IBqaQjxP/,service_refusal_art32,Отказ от услуги и возврат денег,reviewed,Взят reviewed enum-код из JSON,landing,"Возврат оплаты за услуги, курсы, страховки и сервисы",service_refusal_art32,service_refusal_art32,возврат стоимости навязанной услуги,refund_price; moral_damage; consumer_fine,возврат денежных средств,АО «КарВит»,сертификат на ПО,сертификат от АО «КарВит»,partially_satisfied,partially_satisfied,partially_satisfied,частичное удовлетворение,index,True,навязанная услуга; автокредит; сертификат; возврат денежных средств; моральный вред; штраф,суд переквалифицировал лицензионный договор в договор возмездного оказания услуг | потребитель имел право на односторонний отказ от услуги по ст.32 Закона о защите прав потребителей | ответчик не доказал фактические расходы по договору
WJjAKsJGIglY,2-242/2020,2020-01-21,Нижегородская область,https://sudact.ru/regular/doc/WJjAKsJGIglY/,service_refusal_art32,Отказ от услуги и возврат денег,reviewed,Взят reviewed enum-код из JSON,landing,"Возврат оплаты за услуги, курсы, страховки и сервисы",service_refusal_art32,service_refusal_art32,возврат денежных средств при отказе от договора услуг,refund_price; penalty; moral_damage; consumer_fine; expenses,"возврат уплаченной суммы, неустойка, моральный вред",ООО «М-Ассистанс»,услуга,услуга ВИП-сопровождение (карта «Эксклюзив»),partially_satisfied,partially_satisfied,partially_satisfied,частично удовлетворено,index,True,отказ от договора; абонентский договор; неоказанные услуги; фактические расходы; неустойка; компенсация морального вреда; штраф; заочное решение,истец ни разу не воспользовался услугами | ответчик не предоставил доказательств фактически понесённых расходов | абонентский характер договора не освобождает от обязанности доказывать расходы
yz0M6YZip7Qn,2-552/2025,2025-04-03,Ростовская область,https://sudact.ru/regular/doc/yz0M6YZip7Qn/,service_refusal_art32,Отказ от услуги и возврат денег,reviewed,Взят reviewed enum-код из JSON,landing,"Возврат оплаты за услуги, курсы, страховки и сервисы",service_refusal_art32,service_refusal_art32,возврат стоимости авиабилетов при вынужденном отказе от перевозки,refund_price; moral_damage; consumer_fine,"возврат стоимости билетов, компенсация морального вреда, штраф",Ozon Travel / Air Serbia,авиабилеты,авиабилеты по маршруту Сочи — Белград — Сочи,mixed,mixed,mixed,"частичное удовлетворение (против авиакомпании, отказ в иске к агенту, отказ во взыскании штрафа)",index,True,смерть близкого родственника; вынужденный возврат; невозвратный тариф; агентский договор; международная перевозка; Монреальская конвенция; задержка передачи запроса агентом,Отсутствие в билетах сведений о невозвратности тарифа | Заблаговременное уведомление перевозчика об отказе от перевозки (за месяц до вылета) | Непредставление авиакомпанией в суд доказательств содержания иностранных правил тарифа
hqw9kUZJwtbQ,2-3267/2020,2020-07-29,Московская область,https://sudact.ru/regular/doc/hqw9kUZJwtbQ/,work_service_defect_art29,Недостатки работ или услуг,reviewed,Взят reviewed enum-код из JSON,long_tail,"Некачественные работы: окна, монтаж, изготовление",work_service_defect_art29,work_service_defect_art29,возврат уплаченной суммы за некачественный товар и услуги (окна),refund_price; penalty; moral_damage; consumer_fine; expenses,возврат уплаченной суммы,"ООО ""Леруа Мерлен Восток""",оконные конструкции,"оконные изделия SOFTLINE-70, профиль Veka",partially_satisfied,partially_satisfied,partially_satisfied,частично удовлетворено,index,True,некачественный монтаж; плесень; залив балкона; экспертиза; отказ в удовлетворении претензий,"Наличие двух экспертиз, подтверждающих дефекты | Неподписание акта приемки | Направление претензий"
0qwM485PLa1s,2-1054/2020,2020-11-30,Архангельская область,https://sudact.ru/regular/doc/0qwM485PLa1s/,goods_defect_art18,Товар с недостатком / технически сложный товар,reviewed,Взят reviewed enum-код из JSON,pillar,Что взыскивать и как доказывать недостаток товара,goods_defect_art18,goods_defect_art18,возврат автомобиля ненадлежащего качества,refund_price; moral_damage; consumer_fine,"возврат уплаченной за товар суммы, компенсация морального вреда, штраф",Автомир-Трейд,автомобиль,Volkswagen Tiguan,partially_satisfied,partially_satisfied,partially_satisfied,satisfied_partially,index,True,подержанный автомобиль; скрытые недостатки; дым из двигателя; Check Engine; ошибка двигателя; 15 дней на возврат,"Недостатки (задымление, ошибка двигателя) обнаружены в течение 15 дней с момента передачи технически сложного товара. | Претензия от 15.09.2020 квалифицирована как односторонний отказ от договора купли-продажи. | Направление претензии по юридическому адресу продавца признано надлежащим уведомлением."
1w89Nc1UMNmm,2-784/2024,2024-05-14,Липецкая область,https://sudact.ru/regular/doc/1w89Nc1UMNmm/,goods_defect_art18,Товар с недостатком / технически сложный товар,reviewed,Взят reviewed enum-код из JSON,pillar,Что взыскивать и как доказывать недостаток товара,goods_defect_art18,goods_defect_art18,возврат игровой приставки ненадлежащего качества,refund_price; penalty; moral_damage; consumer_fine; expenses,"расторжение договора купли-продажи, возврат уплаченной за товар суммы, компенсация морального вреда, штраф, неустойка",Wildberries,игровая приставка,PlayStation 5,partially_satisfied,partially_satisfied,partially_satisfied,satisfied_partially,index,True,дистанционная продажа; импортный товар; PlayStation 5; ограничения использования в РФ; отсутствие русской инструкции; 15 дней на возврат,"Недостатки товара (невозможность создания аккаунта и использования в РФ, отсутствие инструкции на русском языке и российской вилки) обнаружены и заявлены в течение 15 дней с момента передачи. | Продавец не предоставил потребителю необходимую и достоверную информацию о свойствах товара (невозможность использования в РФ). | Продавец проигнорировал заявки на возврат в личном кабинете и письменную претензию потребителя."
1yfD2XxjDDrJ,2-1088/2020,2020-07-09,Краснодарский край,https://sudact.ru/regular/doc/1yfD2XxjDDrJ/,goods_defect_art18,Товар с недостатком / технически сложный товар,reviewed,Взят reviewed enum-код из JSON,pillar,Что взыскивать и как доказывать недостаток товара,goods_defect_art18,goods_defect_art18,возврат дивана ненадлежащего качества,refund_price; penalty; moral_damage; consumer_fine; expenses,"расторжение договора купли-продажи, возврат уплаченной за товар суммы, неустойка, компенсация морального вреда, штраф, судебные расходы, расходы на проведение экспертизы",,диван,диван Севилья,satisfied,satisfied,satisfied,satisfied_partially,index,True,ткань антикоготь; обивка мебели; скрытые недостатки; домашние животные; судебная экспертиза,"При покупке стороны устно согласовали существенное условие о качестве товара — обивка дивана специальной тканью антивандального типа ('антикоготь'). | Фактически диван был изготовлен с использованием обычной ткани, не устойчивой к механическому воздействию когтей животных. | Несоответствие товара цели, для которой он приобретался и о которой продавец был предупрежден при заключении договора, признано существенным недостатком."
50MnpFBeHEl8,2-3816/2021,2021-07-12,Кемеровская область,https://sudact.ru/regular/doc/50MnpFBeHEl8/,goods_defect_art18,Товар с недостатком / технически сложный товар,reviewed,Взят reviewed enum-код из JSON,pillar,Что взыскивать и как доказывать недостаток товара,goods_defect_art18,goods_defect_art18,возврат денежных средств за товар ненадлежащего качества,refund_price; penalty; consumer_fine; expenses,"возврат стоимости товара, неустойка, убытки, штраф",ООО «Рандеву»,обувь,полуботинки Adidas Originals Superstar,partially_satisfied,partially_satisfied,partially_satisfied,удовлетворено частично,index,True,производственный дефект; гарантийный случай; независимая экспертиза; отказ продавца,"Недостатки обнаружены в пределах двухлетнего гарантийного срока. | Продавец не доказал, что недостатки возникли после передачи товара вследствие нарушения правил эксплуатации. | Заключение независимой экспертизы истца подтвердило производственный характер дефектов."
7hRq36xc81l6,2-1550/2020,2020-07-29,Саратовская область,https://sudact.ru/regular/doc/7hRq36xc81l6/,goods_defect_art18,Товар с недостатком / технически сложный товар,reviewed,Взят reviewed enum-код из JSON,pillar,Что взыскивать и как доказывать недостаток товара,goods_defect_art18,goods_defect_art18,возврат стоимости товара ненадлежащего качества,refund_price; penalty; moral_damage; consumer_fine; expenses,"возврат цены, неустойка, компенсация морального вреда, штраф",Яндекс.Маркет,смартфон,,rejected,rejected,rejected,проиграл,index,True,технически сложный товар; недостатки товара; агрегатор информации; ненадлежащий ответчик; досудебная претензия,"Иск предъявлен к владельцу агрегатора (Яндекс.Маркет), а не к продавцу (ООО «Рентсофт») | Потребитель в досудебном порядке не обращался к продавцу с требованиями о качестве товара и возврате денег | Потребитель не вернул товар продавцу для проведения экспертизы"
82RMC7eXBpH4,2-266/2020,2020-07-24,Липецкая область,https://sudact.ru/regular/doc/82RMC7eXBpH4/,goods_defect_art18,Товар с недостатком / технически сложный товар,reviewed,Взят reviewed enum-код из JSON,pillar,Что взыскивать и как доказывать недостаток товара,goods_defect_art18,goods_defect_art18,"возврат стоимости некачественного технически сложного товара, взыскание неустойки, компенсации морального вреда и штрафа",refund_price; penalty; moral_damage; consumer_fine; expenses,"возврат цены, неустойка, моральный вред, штраф",М.Видео,телевизор,Samsung UE32М5550А,satisfied,satisfied,satisfied,полностью удовлетворены,index,True,дефект экрана; отказ продавца от замены; непроведение экспертизы; заочное решение,"Подтвержден производственный дефект экрана. | Продавец не провел обязательную экспертизу при споре о недостатках. | Ответчик не явился в суд, не заявил ходатайств о снижении неустойки и штрафа."
BRRlQN72V9V6,2-4464/2025,2025-12-23,Самарская область,https://sudact.ru/regular/doc/BRRlQN72V9V6/,goods_defect_art18,Товар с недостатком / технически сложный товар,reviewed,Взят reviewed enum-код из JSON,pillar,Что взыскивать и как доказывать недостаток товара,goods_defect_art18,goods_defect_art18,"возврат стоимости технически сложного товара из-за производственного недостатка по истечении гарантийного срока, но в пределах двух лет",refund_price; penalty; moral_damage; consumer_fine; expenses,"возврат цены, неустойка, компенсация морального вреда, возмещение расходов, штраф",ДНС,смартфон,Samsung Galaxy S22 Ultra 12/256Gb черный,mixed,mixed,mixed,частичное удовлетворение,index,True,технически сложный товар; производственный брак; истек гарантийный срок; двухлетний срок; существенный недостаток; независимая экспертиза; добровольная выплата в суде; встречное требование о возврате товара; астрент,"Производственный характер недостатка подтверждён судебной экспертизой | Стоимость ремонта превысила рыночную стоимость телефона, что квалифицировано как существенный недостаток | Недостаток обнаружен после гарантийного срока, но в пределах двух лет; истец доказал его возникновение до передачи товара"
C2EQxwU5LLlC,2-1657/2023,2023-07-27,Ульяновская область,https://sudact.ru/regular/doc/C2EQxwU5LLlC/,goods_defect_art18,Товар с недостатком / технически сложный товар,reviewed,Взят reviewed enum-код из JSON,pillar,Что взыскивать и как доказывать недостаток товара,goods_defect_art18,goods_defect_art18,defective_goods_return,refund_price; price_difference; penalty; moral_damage; consumer_fine; expenses; damages,contract_termination_and_refund,Wildberries,electronics,ноутбук,partially_satisfied,partially_satisfied,partially_satisfied,partially_satisfied,index,True,ноутбук; Wildberries; технически сложный товар; аккумулятор; судебная экспертиза; снижение неустойки; возврат разницы в цене,"Своевременное обращение потребителя к продавцу с заявлением о возврате технически сложного товара в течение 15 дней | Заключение судебной экспертизы, подтвердившее производственный характер дефекта аккумуляторной батареи (нарушение условий хранения) | Добровольное перечисление продавцом рыночной стоимости аналогичного товара (133 495 рублей) в ходе судебного процесса"
Cr4ZymF07ubW,2-7858/2023,2023-10-13,Самарская область,https://sudact.ru/regular/doc/Cr4ZymF07ubW/,goods_defect_art18,Товар с недостатком / технически сложный товар,reviewed,Взят reviewed enum-код из JSON,pillar,Что взыскивать и как доказывать недостаток товара,goods_defect_art18,goods_defect_art18,возврат стоимости технически сложного товара с существенным недостатком,refund_price; penalty; moral_damage; consumer_fine; expenses,возврат стоимости товара,ООО «Ситилинк»,видеокарта,GIGABYTE NVIDIA GeForce RTX 3070,partially_satisfied,partially_satisfied,partially_satisfied,частично удовлетворены,index,True,гарантийный случай; судебная экспертиза; отказ в гарантийном обслуживании; производственный дефект; существенный недостаток; снижение неустойки; видеокарта,"Судебная экспертиза опровергла доводы ответчика о повреждении пломб и подтвердила производственный дефект | Ответчик добровольно возвратил стоимость товара в ходе процесса | Суд применил ст. 333 ГК РФ к неустойке и штрафу, значительно снизив их"
LY7cqAWIm4Z1,2-3131/2019,2020-02-20,Московская область,https://sudact.ru/regular/doc/LY7cqAWIm4Z1/,goods_defect_art18,Товар с недостатком / технически сложный товар,reviewed,Взят reviewed enum-код из JSON,pillar,Что взыскивать и как доказывать недостаток товара,goods_defect_art18,goods_defect_art18,Товар не соответствует условиям договора (окна изготовлены с отклонением от эскиза),refund_price; penalty; moral_damage; consumer_fine; expenses,"возврат уплаченных средств, неустойка, моральный вред, штраф",ООО «Компания «Оконный Континент»,окна из ПВХ,пластиковые окна,partially_satisfied,partially_satisfied,partially_satisfied,частично удовлетворены,index,True,несоответствие размеров; отказ в установке; претензия с альтернативными требованиями; судебная экспертиза; неустойка по день исполнения; зачет встречных требований; снижение штрафа по ст. 333 ГК РФ,Судебная экспертиза подтвердила превышение высоты окна на 43 мм по сравнению с эскизом-расчётом | Товар признан изготовленным не в соответствии с договором | Формулировка претензии повлияла на дату начала начисления неустойки (с 20.07.2019)
NBXqmj3oX2Lm,2-10/2020,2020-04-06,Республика Коми,https://sudact.ru/regular/doc/NBXqmj3oX2Lm/,goods_defect_art18,Товар с недостатком / технически сложный товар,reviewed,Взят reviewed enum-код из JSON,pillar,Что взыскивать и как доказывать недостаток товара,goods_defect_art18,goods_defect_art18,"недостаток товара, нарушение сроков ремонта",refund_price; penalty; moral_damage; consumer_fine; expenses,"возврат уплаченной суммы, неустойка, моральный вред, штраф",ООО «Сеть Связной»,смартфон,Meizu M79H Pro 7 64Gb Gold,partially_satisfied,partially_satisfied,partially_satisfied,частично удовлетворено,index,True,производственный брак; отсутствие запчастей; превышение срока ремонта; технически сложный товар; истечение гарантии; двухлетний срок обнаружения недостатка; агентский договор; дополнительные услуги,"Скрытый производственный дефект дисплея подтвержден судебной экспертизой | Превышение разумного срока ремонта (более 180 дней) и признание недостатка существенным по критерию несоразмерных временных затрат | Продавец выступал агентом по договору страхования и сервисного обслуживания, поэтому не несет ответственности за их возврат"
RvLYP9KrC4gQ,2-4032/2018,2018-09-04,Мурманская область,https://sudact.ru/regular/doc/RvLYP9KrC4gQ/,goods_defect_art18,Товар с недостатком / технически сложный товар,reviewed,Взят reviewed enum-код из JSON,pillar,Что взыскивать и как доказывать недостаток товара,goods_defect_art18,goods_defect_art18,нарушение срока гарантийного ремонта технически сложного товара,refund_price; penalty; consumer_fine; expenses,возврат цены товара,,мобильный телефон,Samsung SM-A700FD,partially_satisfied,partially_satisfied,partially_satisfied,частично удовлетворён,index,True,задержка гарантийного ремонта; повреждение товара в ремонте; уполномоченный сервисный центр,Признание сервисного центра уполномоченной организацией изготовителя Samsung | Нарушение предельного 45-дневного срока ремонта (ремонт фактически не завершён на 47-й день) | Фиксация потребителем нового дефекта при получении и отказ от приёмки
Wvd6aNEyrvUy,2-1726/2020,2020-07-02,Республика Башкортостан,https://sudact.ru/regular/doc/Wvd6aNEyrvUy/,goods_defect_art18,Товар с недостатком / технически сложный товар,reviewed,Взят reviewed enum-код из JSON,pillar,Что взыскивать и как доказывать недостаток товара,goods_defect_art18,goods_defect_art18,"возврат технически сложного товара ненадлежащего качества и сопутствующих товаров, взыскание убытков и неустойки",refund_price; damages; penalty; moral_damage; consumer_fine; expenses,"возврат уплаченной за товар суммы, возмещение убытков, взыскание неустойки, компенсация морального вреда",АО «Мегафон Ритейл»,смартфон,Apple iPhone XR 64 GB,partially_satisfied,partially_satisfied,partially_satisfied,частичное удовлетворение,index,True,скрытый производственный дефект; заводской брак; постоянная перезагрузка; претензия не получена продавцом; кредит на покупку; судебная неустойка за неисполнение решения,"Производственный дефект подтверждён заключением судебной экспертизы | Продавец не получил претензию, но риск неполучения юридически значимого сообщения лежит на нём, поэтому требование потребителя считается заявленным | Перевод стоимости телефона ответчиком в ходе процесса повлёк указание о неисполнении решения в этой части"
YFjMxNYLsLlX,2-2251/2023,2023-09-06,Смоленская область,https://sudact.ru/regular/doc/YFjMxNYLsLlX/,goods_defect_art18,Товар с недостатком / технически сложный товар,reviewed,Взят reviewed enum-код из JSON,pillar,Что взыскивать и как доказывать недостаток товара,goods_defect_art18,goods_defect_art18,product_defect_and_refund,refund_price; penalty; moral_damage; consumer_fine; damages; expenses,refund_and_penalties,Лазурит,мебель,спальный гарнитур «Диана»,partially_satisfied,partially_satisfied,partially_satisfied,partially_satisfied,index,True,product_defect; delayed_replacement; product_discontinued; consumer_credit; partial_payment; failure_to_collect_item,"снятие товара с производства прекратило обязанность замены, но дало право на отказ от договора | длительное бездействие продавца (8 месяцев) | документальное подтверждение кредитных убытков (кредитный договор, справка о погашении)"
Yse5NQ5b8YbO,2-8524/2023,2023-12-13,Самарская область,https://sudact.ru/regular/doc/Yse5NQ5b8YbO/,goods_defect_art18,Товар с недостатком / технически сложный товар,reviewed,Взят reviewed enum-код из JSON,pillar,Что взыскивать и как доказывать недостаток товара,goods_defect_art18,goods_defect_art18,"возврат денег за некачественный телевизор, приобретенный дистанционно",refund_price; penalty; moral_damage; consumer_fine; expenses,"возврат цены товара с недостатками, неустойка, компенсация морального вреда, штраф, возмещение расходов",Ozon,телевизор,"Philips 65PUS8507/60 65"" 4K UHD, серебристый",partially_satisfied,partially_satisfied,partially_satisfied,частично удовлетворены,index,True,технически сложный товар; дистанционная покупка; крупногабаритный товар; производственный дефект; 15-дневный срок; астрент; снижение неустойки по ст. 333 ГК РФ,"Обращение потребителя в течение 15 дней, что даёт право на отказ от товара независимо от существенности недостатка | Крупногабаритность товара – обязанность по организации его вывоза для проверки лежит на продавце | Добровольный возврат продавцом стоимости товара в ходе процесса, что повлияло на отказ во взыскании неустойки на будущее и снижение санкций"
b41sumpSMelO,2-334/2020,2020-02-26,Смоленская область,https://sudact.ru/regular/doc/b41sumpSMelO/,goods_defect_art18,Товар с недостатком / технически сложный товар,reviewed,Взят reviewed enum-код из JSON,pillar,Что взыскивать и как доказывать недостаток товара,goods_defect_art18,goods_defect_art18,возврат стоимости технически сложного товара с существенным недостатком,refund_price; penalty; moral_damage; consumer_fine; expenses,"взыскание стоимости товара, неустойки, компенсации морального вреда и штрафа",ООО «ЛГ Электроникс РУС»,телевизор,LG UltraHD 49UF853V,partially_satisfied,partially_satisfied,partially_satisfied,частично удовлетворены,index,True,существенный недостаток; технически сложный товар; срок службы; безвозмездный ремонт; импортер; заводской брак; неустойка; штраф; ст. 333 ГК РФ,Заключение экспертизы о заводском характере дефекта | Несоразмерность стоимости ремонта (около 40% от цены товара) | Бездействие импортера по устранению недостатка в установленный срок
ekdTskHpS3WO,2-477/2020,2020-11-27,Самарская область,https://sudact.ru/regular/doc/ekdTskHpS3WO/,goods_defect_art18,Товар с недостатком / технически сложный товар,reviewed,Взят reviewed enum-код из JSON,pillar,Что взыскивать и как доказывать недостаток товара,goods_defect_art18,goods_defect_art18,отказ от исполнения договора купли-продажи технически сложного товара в связи с обнаружением существенного недостатка,refund_price; penalty; damages; moral_damage; consumer_fine,возврат цены товара,АО «РТК»,сотовый телефон,Apple iPhone XR 64Gb,partially_satisfied,partially_satisfied,partially_satisfied,частичное удовлетворение,index,True,технически сложный товар; существенный недостаток; заводской брак; гарантийный срок; неустойка на будущее; уклонение от получения претензии; снижение неустойки; снижение штрафа; экспертиза,Подтверждение производственного характера дефекта заключением судебной экспертизы | Существенность недостатка из-за несоразмерности расходов на ремонт (стоимость замены устройства составляет более 73% цены товара) | Признание судом направления претензии по адресу магазина надлежащим извещением продавца
jbrHdtiKcpxX,2-2450/2020,2020-10-20,Самарская область,https://sudact.ru/regular/doc/jbrHdtiKcpxX/,goods_defect_art18,Товар с недостатком / технически сложный товар,reviewed,Взят reviewed enum-код из JSON,pillar,Что взыскивать и как доказывать недостаток товара,goods_defect_art18,goods_defect_art18,"нарушение сроков ремонта, непредоставление подменного товара, отказ от договора купли-продажи технически сложного товара",refund_price; penalty; moral_damage; consumer_fine; expenses,"возврат цены товара, неустойки, моральный вред, штраф, возмещение издержек",,смартфон,Apple iPhone 7 Plus 128 GB Black модель A1784,partially_satisfied,partially_satisfied,partially_satisfied,частично удовлетворено,index,True,производственный брак; выход из строя системной платы; подменный телефон; Москва-Тольятти; злоупотребление правом; неустойка до фактического исполнения; снижение неустойки по ст.333 ГК РФ,"нарушение 45-дневного срока ремонта (абз.10 п.1 ст.18 Закона о ЗПП) | предложение подменного и отремонтированного телефона в Москве при проживании истца в Тольятти как злоупотребление правом | наличие производственного дефекта, подтвержденного досудебной экспертизой"
oRobcjYwTdgg,2-984/2020,2020-07-21,Челябинская область,https://sudact.ru/regular/doc/oRobcjYwTdgg/,goods_defect_art18,Товар с недостатком / технически сложный товар,reviewed,Взят reviewed enum-код из JSON,pillar,Что взыскивать и как доказывать недостаток товара,goods_defect_art18,goods_defect_art18,"возврат денежных средств за технически сложный товар, неустойка, моральный вред",refund_price; penalty; moral_damage,возврат цены товара,ООО «МВМ»,Холодильник,Хайер ХРФ-521ДМ6РУ,rejected,rejected,rejected,проигрыш,index,True,шум при работе; люфт дверцы; отказ в иске; экспертиза; недобросовестное поведение потребителя,"Экспертиза не выявила дефектов | Истец уклонился от проверки качества | Шум не подтверждён, истец слышал его лишь однажды за 5 месяцев"
qx9K417NRkWN,2-1860/2020,2020-11-24,Самарская область,https://sudact.ru/regular/doc/qx9K417NRkWN/,goods_defect_art18,Товар с недостатком / технически сложный товар,reviewed,Взят reviewed enum-код из JSON,pillar,Что взыскивать и как доказывать недостаток товара,goods_defect_art18,goods_defect_art18,"возврат уплаченной суммы за автомобиль с существенными недостатками, взыскание убытков, неустойки, морального вреда",refund_price; damages; penalty; moral_damage; consumer_fine; expenses,"возврат стоимости товара, убытки, неустойка, моральный вред, штраф",УАЗ,автомобиль,УАЗ Патриот,partially_satisfied,partially_satisfied,partially_satisfied,иск удовлетворен частично,index,True,производственный дефект; существенный недостаток; технически сложный товар; гарантийный срок; повторный ремонт; коррозия; неустойка; штраф; судебная экспертиза,"судебная экспертиза, установившая производственный и существенный характер недостатков | неустранимые дефекты коррозии в сварных швах | повторное проявление дефектов после гарантийных ремонтов"
tD3jmVsAWMbp,2-83/2019,2019-02-08,Краснодарский край,https://sudact.ru/regular/doc/tD3jmVsAWMbp/,goods_defect_art18,Товар с недостатком / технически сложный товар,reviewed,Взят reviewed enum-код из JSON,pillar,Что взыскивать и как доказывать недостаток товара,goods_defect_art18,goods_defect_art18,возврат денежных средств за технически сложный товар с существенным недостатком,refund_price; penalty; moral_damage; consumer_fine; expenses,"возврат цены, неустойка, моральный вред, штраф, судебные расходы",ООО ТК «Хайер Рус» (Haier),кондиционер,Haier HSU-09HMB03/R2,partially_satisfied,partially_satisfied,partially_satisfied,частично удовлетворено,index,True,закрытие продавца; существенный производственный недостаток; технически сложный товар; возврат к импортеру; судебная экспертиза; заочное решение,"Подтверждение существенного производственного недостатка судебной экспертизой | Прекращение деятельности ИП-продавца, позволившее предъявить требования импортеру | Отсутствие ответчика в заседаниях (заочное решение) и отсутствие ходатайств о снижении неустойки"
v0m4w50eZy5n,2-1823/2020,2020-05-21,Самарская область,https://sudact.ru/regular/doc/v0m4w50eZy5n/,goods_defect_art18,Товар с недостатком / технически сложный товар,reviewed,Взят reviewed enum-код из JSON,pillar,Что взыскивать и как доказывать недостаток товара,goods_defect_art18,goods_defect_art18,"возврат стоимости некачественного товара, расторжение договора купли-продажи технически сложного товара из-за существенного недостатка",refund_price; price_difference; penalty; moral_damage; expenses,"возврат цены, разница в цене, неустойка, моральный вред, судебные расходы",Яндекс.Маркет,планшет,Apple iPad Pro 11 64 Gb Wi-Fi silver,partially_satisfied,partially_satisfied,partially_satisfied,частичное удовлетворение,index,True,недостаток в гарантийный срок; существенный недостаток; отказ от проверки качества; досудебная экспертиза; неустойка после решения,"Судебная экспертиза подтвердила производственный дефект и существенный недостаток | Отказ истца предоставить товар на проверку качества продавцу лишил его права на досудебную неустойку и штраф | Рыночная стоимость товара выросла, взыскана разница в цене"
xyw1pNsfewV8,2-434/2021,2021-06-22,Мурманская область,https://sudact.ru/regular/doc/xyw1pNsfewV8/,goods_defect_art18,Товар с недостатком / технически сложный товар,reviewed,Взят reviewed enum-код из JSON,pillar,Что взыскивать и как доказывать недостаток товара,goods_defect_art18,goods_defect_art18,возврат стоимости технически сложного товара с существенным недостатком,refund_price; penalty; moral_damage; consumer_fine,"возврат цены, неустойка, моральный вред, штраф",ООО «Самсунг Электроникс Рус Компани»,смартфон,Samsung SM-G950FD,partially_satisfied,partially_satisfied,partially_satisfied,частичное удовлетворение,index,True,существенный недостаток; гарантийный ремонт; срыв экспертизы; недостоверная информация; снижение неустойки,"Акты проверки качества ООО «ЭСКЕЙП», подтвердившие существенный дефект | Непредоставление ответчиком доказательств отсутствия недостатка и результатов диагностики | Срыв судебной экспертизы по вине сторон, но бремя доказывания на ответчике"
yc651JdA4PJC,2-2576/2020,2020-10-09,Алтайский край,https://sudact.ru/regular/doc/yc651JdA4PJC/,goods_defect_art18,Товар с недостатком / технически сложный товар,reviewed,Взят reviewed enum-код из JSON,pillar,Что взыскивать и как доказывать недостаток товара,goods_defect_art18,goods_defect_art18,ненадлежащее качество технически сложного товара,refund_price; penalty; moral_damage; consumer_fine; damages; expenses,"возврат стоимости товара, неустойка, штраф, компенсация морального вреда, убытки, расходы на экспертизу",Яндекс.Маркет,ноутбук,,partially_satisfied,partially_satisfied,partially_satisfied,частичное удовлетворение,index,True,дистанционная покупка; технически сложный товар; производственный дефект; непредоставление товара на проверку качества; злоупотребление правом; отказ в неустойке и штрафе,"Непредоставление товара продавцу для проверки качества, несмотря на его неоднократные запросы, что суд оценил как злоупотребление правом. | Отсутствие причинно-следственной связи между кредитом и покупкой товара: кредитный договор на цели личного потребления на сумму, превышающую цену товара. | Добровольный возврат ответчиком стоимости товара в ходе процесса."
